"","ID2","Start","End","Dura","Period","Lat.St","Lon.St","Lat.En","Lon.En","m","Speed.Mean","GPS.Speed.Sd","Speed.Sd","Dura2","Dura_flag","Sort.St","Sort.En","Avg.Lat.St","Avg.Lon.St","Num.St","Avg.Lat.En","Avg.Lon.En","Num.En","flag.En","flag.St"
"11559",185,1451612189,1451615142,49.2166666666667,10,28.65851,115.88978,28.735405,115.83841,14.1950613291838,20.0554397665694,17.7000966729411,0.0455070384082235,0.0174421296296296,1,13,3,28.65851,115.88978,0,28.735405,115.83841,0,0,20
"11560",185,1451616649,1451617203,9.23333333333333,10,28.735828,115.83837,28.759398,115.85043,4.1096813180321,27.1809523809524,14.7521385125782,0.0439476974460813,0.047349537037037,1,3,2,28.735828,115.83837,0,28.759398,115.85043,0,4,10
"11561",185,1451621294,1451621833,8.98333333333333,12,28.759394,115.84988,28.734413,115.839676,4.33227313631991,28.5518518518519,13.8491440395196,0.0519864898863252,0.0839814814814815,1,2,3,28.759394,115.84988,0,28.734413,115.839676,0,1,4
"11562",185,1451629089,1451630903,30.2333333333333,14,28.735249,115.83851,28.656708,115.88915,14.273464239373,32.1044871794872,20.5971776183856,0.0439377648683912,1.94518518518519,1,3,1,28.735249,115.83851,0,28.6581543333333,115.899154333333,6,5,10
"11563",185,1451798967,1451800196,20.4833333333333,13,28.656778,115.88918,28.665071,115.94932,7.70919209316735,25.5438095238095,17.6664489163369,0.0473350650189125,0.0961805555555555,1,1,1,28.656643,115.889279,4,28.665071,115.94932,0,0,29
"11564",185,1451808506,1451809766,21,16,28.665031,115.94702,28.657063,115.88911,7.51319286942023,26.2858585858586,16.4855576717758,0.0487733482402246,1.7452662037037,1,1,1,28.665031,115.94702,0,28.6581543333333,115.899154333333,6,5,6
"11565",185,1451960557,1451961821,21.0666666666667,10,28.656912,115.88902,28.6851,115.9001,8.2880524070426,25.1205240174673,15.7401142158931,0.0428512379317004,0.0364467592592593,1,1,8,28.6571855,115.889143375,16,28.6851,115.9001,0,0,31
"11566",185,1451964970,1451966664,28.2333333333333,11,28.68541,115.90037,28.656849,115.88907,5.31239542104206,15.0875781948168,11.8635435212653,0.0461236565391762,1.8150462962963,1,8,1,28.68541,115.90037,0,28.6581543333333,115.899154333333,6,5,2
"11567",185,1452123484,1452126143,44.3166666666667,8,28.656275,115.888695,28.75925,115.85289,16.6577127245369,25.1087533156499,18.0437480879565,0.0415699204063849,0.261956018518519,1,1,2,28.6567064,115.8886558,5,28.75925,115.85289,0,3,27
"11568",185,1452148776,1452149705,15.4833333333333,14,28.759348,115.852974,28.727049,115.80777,9.45956872942214,36.6262295081967,17.7053494398594,0.0610848705641493,0.0212037037037037,1,2,16,28.759348,115.852974,0,28.727049,115.80777,0,0,10
"11569",185,1452151537,1452152384,14.1166666666667,15,28.727331,115.80855,28.7592,115.853065,7.18710747431517,30.7628361858191,17.225553525846,0.0621192646160697,0.0370023148148148,1,16,2,28.727331,115.80855,0,28.7592,115.853065,0,2,0
"11570",185,1452155581,1452158160,42.9833333333333,16,28.759403,115.85296,28.65653,115.88904,18.0256152246847,27.2008658008658,18.8197531551641,0.0442917821148147,0.604583333333333,1,2,1,28.759403,115.85296,0,28.65653,115.88904,0,3,11
"11571",185,1452210396,1452212705,38.4833333333333,8,28.658419,115.88197,28.759165,115.85288,15.7413788544882,30.5599547511312,21.4890720546091,0.0440487720806297,0.345208333333333,1,1,2,28.658419,115.88197,0,28.759165,115.85288,0,3,0
"11572",185,1452242531,1452242650,1.98333333333333,16,28.757858,115.85288,28.760033,115.85502,0.512917981155375,15.0166666666667,7.38722874015579,0.0586553388512902,0.00407407407407407,1,2,2,28.757858,115.85288,0,28.760033,115.85502,0,2,5
"11573",185,1452243002,1452247577,76.25,17,28.76012,115.85483,28.65696,115.88924,17.6617081554168,17.6789972485478,17.6261113221195,0.0438834261536203,0.827638888888889,1,2,1,28.76012,115.85483,0,28.65696,115.88924,0,3,3
"11574",185,1452319085,1452323325,70.6666666666667,14,28.65659,115.889046,28.66461,115.94927,7.78290456648125,14.8013488657265,15.5316742869179,0.0413485589686318,0.137071759259259,1,1,1,28.656643,115.889279,4,28.662657625,115.93427625,8,6,29
"11575",185,1452335168,1452336817,27.4833333333333,18,28.664625,115.94893,28.658276,115.91901,4.54845689432859,14.5900497512438,12.8471360574254,0.0435384343637803,0.160497685185185,1,1,17,28.664625,115.94893,0,28.658276,115.91901,0,0,14
"11576",185,1452350684,1452352640,32.6,23,28.658257,115.91919,28.65702,115.88857,3.55544716412862,13.3165024630542,13.145194058655,0.031951973795236,0.640694444444444,1,17,1,28.658257,115.91919,0,28.65702,115.88857,0,0,0
"11577",185,1452407996,1452411880,64.7333333333333,14.6666666666667,28.656445,115.888374,28.759558,115.850685,17.8708344332476,0.00460114171813789,15.7986007188971,0.0513863221863674,0.0697337962962963,1,1,2,28.6567064,115.8886558,5,28.759558,115.850685,0,2,27
"11578",185,1452411593,1452411880,4.78333333333333,15,28.759567,115.85068,28.759558,115.850685,0.876493173655625,12.7325102880658,10.2222438482091,0.0549265360643002,0.0697337962962963,1,2,2,28.759567,115.85068,0,28.759558,115.850685,0,2,9
"11579",185,1452417905,1452420739,47.2333333333333,17,28.7595,115.849785,28.65711,115.889305,17.4319252657218,23.245472061657,15.3783513726072,0.042198518618687,0.669768518518519,1,2,1,28.7595,115.849785,0,28.65711,115.889305,0,4,4
"11580",185,1452478607,1452480870,37.7166666666667,10,28.658218,115.88781,28.760082,115.85501,16.4832277967728,28.6850551654965,21.3928233864893,0.042776871606966,0.118159722222222,1,1,2,28.658218,115.88781,1,28.760082,115.85501,0,2,21
"11581",185,1452491079,1452492359,21.3333333333333,13.3333333333333,28.760548,115.85401,28.734632,115.8399,4.05054638384395,0.00316448936237808,12.6223600233368,0.0413178570741811,0.0276041666666667,1,2,25,28.760548,115.85401,0,28.734632,115.8399,0,3,5
"11582",185,1452491962,1452492359,6.61666666666667,14,28.749384,115.847084,28.734632,115.8399,2.65595161185889,25.2853260869565,11.955758677765,0.0425136233503345,0.0276041666666667,1,9,3,28.749384,115.847084,0,28.734632,115.8399,0,3,1
"11583",185,1452494744,1452494847,1.71666666666667,14,28.734575,115.83912,28.735373,115.83693,0.294432104743346,9.72115384615385,8.75276015358576,0.0489712589987709,0.00322916666666667,1,3,3,28.734575,115.83912,0,28.735373,115.83693,0,0,10
"11584",185,1452495126,1452495463,5.61666666666667,14,28.735327,115.83717,28.75007,115.84729,2.54135858180831,32.4280575539568,20.7219917668085,0.0551653253470445,0.00354166666666667,1,3,9,28.735327,115.83717,0,28.75007,115.84729,0,0,6
"11585",185,1452495769,1452495918,2.48333333333333,15,28.750153,115.847336,28.757904,115.852325,0.999885891839919,22.9,20.5477835640726,0.0538916460053536,0.0263541666666667,1,9,2,28.750153,115.847336,0,28.757904,115.852325,0,0,1
"11586",185,1452498195,1452498209,0.233333333333333,15,28.759834,115.852295,28.759834,115.852295,0,0.133333333333333,0.516397779494322,0.0143509793343502,0.00498842592592593,1,2,2,28.759834,115.852295,0,28.759834,115.852295,0,0,10
"11587",185,1452498640,1452498762,2.03333333333333,15,28.760683,115.85164,28.759508,115.85042,0.382439295257781,10.7317073170732,8.90944716020696,0.0550983230048022,0.0267708333333333,1,2,2,28.760683,115.85164,0,28.759508,115.85042,0,4,8
"11588",185,1452501075,1452504569,58.2333333333333,17,28.759447,115.852325,28.656376,115.88887,16.6495446265751,19.8277477477477,15.6467131862906,0.0533860603621582,0.130798611111111,1,2,1,28.759447,115.852325,0,28.656376,115.88887,0,3,10
"11589",185,1452515870,1452517237,22.7833333333333,20,28.656898,115.88931,28.62059,115.929,10.7025146148538,28.388416988417,16.383956279875,0.0467354698004641,0.00393518518518518,1,1,7,28.65689,115.888963333333,3,28.62059,115.929,0,0,30
"11590",185,1452517577,1452519465,31.4666666666667,21,28.621824,115.92897,28.678211,116.01279,13.9703370470744,28.9031100478469,15.0290025587224,0.0426970562106568,0.0179166666666667,1,7,18,28.621824,115.92897,0,28.678211,116.01279,0,0,3
"11591",185,1452521013,1452521582,9.48333333333333,22,28.67796,116.01243,28.676365,116.0116,1.83078459037142,10.6263157894737,8.23057496525155,0.0390335269472303,0.0743981481481481,1,18,26,28.67796,116.01243,0,28.676365,116.0116,0,0,0
"11592",185,1452528010,1452528549,8.98333333333333,0,28.625593,115.89543,28.656961,115.889206,3.96033997070834,28.6817204301075,18.7524075824196,0.0533912616443304,0.590150462962963,1,24,1,28.625593,115.89543,0,28.6581543333333,115.899154333333,6,5,0
"11593",185,1452579538,1452582236,44.9666666666667,14,28.65666,115.88956,28.734524,115.839775,14.3626248632364,21.971313312416,16.0515727691751,0.0400024643820712,0.0629166666666667,1,1,3,28.656643,115.889279,4,28.734524,115.839775,0,4,29
"11594",185,1452587672,1452590791,51.9833333333333,17,28.733414,115.83842,28.664722,115.949356,21.5754502842022,30.5770961145194,22.3911142120184,0.0458141341304148,0.115972222222222,1,3,1,28.733414,115.83842,0,28.662657625,115.93427625,8,6,6
"11595",185,1452600811,1452603120,38.4833333333333,20,28.665426,115.94621,28.75945,115.85034,21.8902521980011,36.3801418439716,20.0229334686833,0.0410878228806102,0.0537847222222222,1,1,2,28.665426,115.94621,0,28.75945,115.85034,0,3,3
"11596",185,1452607767,1452608291,8.73333333333333,22,28.759476,115.85046,28.734484,115.83929,4.39274823116006,30.606,13.8957889268584,0.0481258875094436,0.0128009259259259,1,2,3,28.759476,115.85046,0,28.734484,115.83929,0,3,9
"11597",185,1452609397,1452610923,25.4333333333333,22,28.734373,115.83904,28.657312,115.88901,14.1920107377933,33.091577540107,18.8356108663092,0.0429340641211623,0.625439814814815,1,3,1,28.734373,115.83904,0,28.657312,115.88901,0,3,10
"11598",185,1452664961,1452665770,13.4833333333333,14,28.65727,115.889145,28.68541,115.89967,5.37592078772019,23.5680100755668,11.4751130161676,0.0340710169470694,0.0415856481481481,1,1,8,28.6571855,115.889143375,16,28.68541,115.89967,0,0,31
"11599",185,1452669363,1452670622,20.9833333333333,15,28.68539,115.89913,28.657433,115.88973,4.84109570777181,14.6018518518519,10.4028582145828,0.0433402156616178,0.776782407407407,1,8,1,28.68539,115.89913,0,28.657433,115.88973,0,0,1
"11600",185,1452737736,1452738590,14.2333333333333,10,28.657188,115.888855,28.670078,115.894226,2.07242243133586,11.8587570621469,9.96961485409457,0.0570836238604836,0.107164351851852,1,1,6,28.6571855,115.889143375,16,28.670078,115.894226,0,2,31
"11601",185,1452747849,1452749099,20.8333333333333,13,28.670368,115.894104,28.65652,115.88899,4.87031525096968,15.1792905081496,10.9338208448708,0.04615123892887,0.0136226851851852,1,6,1,28.670368,115.894104,0,28.65652,115.88899,0,3,2
"11602",185,1452750276,1452752870,43.2333333333333,14,28.657064,115.889015,28.759092,115.8529,16.5518597976248,23.2514147130154,15.6038661529678,0.0387646938476053,0.101689814814815,1,1,2,28.6571855,115.889143375,16,28.759092,115.8529,0,2,31
"11603",185,1452761656,1452761828,2.86666666666667,16,28.758953,115.85298,28.759485,115.85034,0.700834929515042,13.4797687861272,9.80542659163301,0.0586202509673325,0.0812847222222222,1,2,2,28.758953,115.85298,0,28.759485,115.85034,0,3,7
"11604",185,1452768851,1452769150,4.98333333333333,18,28.759274,115.85239,28.746735,115.84506,1.75293360323477,20.42,12.1645738185639,0.0403641592873002,0.0612847222222222,1,2,9,28.759274,115.85239,0,28.746735,115.84506,0,0,10
"11605",185,1452774445,1452774822,6.28333333333333,20,28.746645,115.845276,28.734537,115.83995,2.28366696604885,21.5123287671233,11.5446094314438,0.0461260194573086,0.00961805555555556,1,9,3,28.746645,115.845276,0,28.734537,115.83995,0,3,0
"11606",185,1452775653,1452777161,25.1333333333333,21,28.734612,115.83899,28.65789,115.88936,14.0370146020348,32.8621603711067,13.1685494972,0.0377216854904641,0.0166666666666667,1,3,1,28.734612,115.83899,0,28.65789,115.88936,0,0,11
"11607",185,1452778601,1452779695,18.2333333333333,21,28.658192,115.8892,28.663565,115.94915,7.50645348753339,28.7811111111111,19.2052284457628,0.0577618574840693,0.321053240740741,1,1,1,28.6567064,115.8886558,5,28.663565,115.94915,0,2,27
"11608",185,1452807434,1452808198,12.7333333333333,5,28.665136,115.94707,28.638346,115.93872,6.03741196523009,29.6624825662483,15.1095774494115,0.0493352927461035,0.0448726851851852,1,1,10,28.665136,115.94707,0,28.638346,115.93872,0,0,6
"11609",185,1452812075,1452813079,16.7333333333333,7,28.638247,115.938484,28.677052,115.939674,5.45545744723661,22.4363636363636,15.3933422868723,0.0493142709545876,0.0403935185185185,1,10,4,28.638247,115.938484,0,28.677052,115.939674,0,0,0
"11610",185,1452816569,1452819062,41.55,8,28.676817,115.939354,28.663229,115.94919,2.31096469094784,13.9146567717996,13.5708299003764,0.0418985050939684,0.0617476851851852,1,4,1,28.676817,115.939354,0,28.663229,115.94919,0,2,2
"11611",185,1452824397,1452829075,77.9666666666667,10.2,28.664608,115.948044,28.677471,115.93984,7.0578159557708,0.00150872508674023,15.8988610622573,0.0538566290579482,0.0270138888888889,1,1,15,28.664608,115.948044,0,28.677471,115.93984,0,1,13
"11612",185,1452828641,1452829075,7.23333333333333,11,28.665804,115.9394,28.677471,115.93984,2.51311713289486,25.095652173913,18.3581807597838,0.0614575864635806,0.0270138888888889,1,15,4,28.665804,115.9394,0,28.677471,115.93984,0,1,0
"11613",185,1452831409,1452832363,15.9,12,28.677437,115.94044,28.676842,115.93963,3.88126810784448,19.5582089552239,13.7508923396136,0.0459597556442129,0.0157291666666667,1,4,4,28.677437,115.94044,0,28.676842,115.93963,0,0,4
"11614",185,1452833722,1452834231,8.48333333333333,12,28.676785,115.93968,28.66442,115.94929,2.29549271116537,17.3952380952381,15.3027046509077,0.0463147386484378,0.31306712962963,1,4,1,28.676785,115.93968,0,28.66442,115.94929,0,0,2
"11615",185,1452861280,1452862791,25.1833333333333,20,28.665035,115.94933,28.65851,115.88732,7.70369102349125,24.0593607305936,15.1213598079961,0.0476584395586119,0.0336458333333333,1,1,1,28.665035,115.94933,0,28.65851,115.88732,0,0,11
"11616",185,1452865698,1452866799,18.35,21,28.658262,115.88967,28.67786,115.94209,7.07812829477269,27.8395784543326,14.7883474234711,0.0443880165394632,0.137303240740741,1,1,4,28.658262,115.88967,1,28.67786,115.94209,0,0,26
"11617",185,1452878662,1452879178,8.6,1,28.67737,115.94248,28.66365,115.949265,2.1213020324559,17.1385390428212,17.5710232905308,0.0405123132257251,0.032037037037037,1,4,1,28.67737,115.94248,0,28.66365,115.949265,0,3,2
"11618",185,1452881946,1452882999,17.55,2,28.663954,115.9493,28.656385,115.88866,7.8843293411859,33.2688564476886,22.6735983422236,0.0458669277581854,0.398263888888889,1,1,1,28.663954,115.9493,0,28.656385,115.88866,0,1,12
"11619",185,1452917409,1452918803,23.2333333333333,12,28.656265,115.88853,28.676058,115.93533,6.98317437911035,20.3196581196581,14.376950467988,0.055310052074617,0.073912037037037,1,1,4,28.6567064,115.8886558,5,28.676058,115.93533,0,0,27
"11620",185,1452925189,1452925879,11.5,14,28.676224,115.93294,28.6779,115.93061,1.49549085657912,10.7427937915743,8.03107355212277,0.0390491811155766,0.0173611111111111,1,4,4,28.676224,115.93294,0,28.6779,115.93061,0,0,0
"11621",185,1452927379,1452929118,28.9833333333333,15,28.678047,115.93072,28.677479,115.94186,4.66882077193493,16.9860064585576,13.1142533213554,0.038931418831796,0.1846875,1,4,4,28.678047,115.93072,0,28.677479,115.94186,0,0,0
"11622",185,1452945075,1452947084,33.4833333333333,20,28.677862,115.94195,28.65772,115.88949,8.99180999886786,21.1737588652482,17.078294823117,0.0421271399277098,0.435127314814815,1,4,1,28.677862,115.94195,0,28.65772,115.88949,0,0,2
"11623",185,1452984679,1452985401,12.0333333333333,6,28.657366,115.88911,28.669838,115.89418,1.93826405106494,11.5962732919255,10.7089245454904,0.0365077369738176,0.651215277777778,1,1,6,28.6571855,115.889143375,16,28.669838,115.89418,0,0,31
"11624",185,1453041666,1453042060,6.56666666666667,22,28.668142,115.893585,28.65733,115.88883,1.87927086309858,16.1657894736842,9.32505282521385,0.0599374402707243,0.494386574074074,1,6,1,28.668142,115.893585,0,28.65733,115.88883,0,2,0
"11625",185,1453084775,1453086430,27.5833333333333,10,28.656937,115.889114,28.735231,115.83856,14.2548148475573,32.0095785440613,20.3623855491829,0.0471200879374447,0.0671759259259259,1,1,3,28.6571855,115.889143375,16,28.735231,115.83856,0,0,31
"11626",185,1453092234,1453092278,0.733333333333333,12,28.735458,115.83831,28.73545,115.83712,0.121171806642819,9.75555555555556,10.0998549844575,0.0579994369486576,0.003125,1,3,3,28.735458,115.83831,0,28.73545,115.83712,0,0,10
"11627",185,1453092548,1453093032,8.06666666666667,12,28.735355,115.83773,28.759449,115.850586,4.23526615094352,34.9129411764706,19.1852795146564,0.06120493833873,0.0505787037037037,1,3,2,28.735355,115.83773,0,28.759449,115.850586,0,4,10
"11628",185,1453097402,1453100029,43.7833333333333,14,28.760597,115.851715,28.656765,115.88935,17.1701260580899,27.1021431828545,20.3075926966886,0.0491805529883149,0.211331018518519,1,2,1,28.760597,115.851715,0,28.656765,115.88935,0,4,8
"11629",185,1453118288,1453119426,18.9666666666667,20,28.657785,115.88877,28.664608,115.949234,7.6722978596871,29.4738598442714,15.4281918691091,0.0499755920506016,0.0527199074074074,1,1,1,28.6571855,115.889143375,16,28.662657625,115.93427625,8,6,31
"11630",185,1453123981,1453125015,17.2333333333333,21,28.664629,115.948875,28.659626,115.8999,6.46445741501459,22.9046153846154,12.7495270770596,0.0367183585138752,0.101435185185185,1,1,13,28.664629,115.948875,0,28.659626,115.8999,0,0,14
"11631",185,1453133779,1453134348,9.48333333333333,0,28.658604,115.89986,28.680832,115.87837,3.65383426655278,22.1459459459459,13.7371652193683,0.0482782373661303,0.00615740740740741,1,13,19,28.658604,115.89986,0,28.680832,115.87837,0,0,0
"11632",185,1453134880,1453136309,23.8166666666667,0,28.681126,115.87836,28.656315,115.88881,4.89087170691826,18.2699884125145,15.2425133842489,0.0414594896198395,0.623738425925926,1,19,1,28.681126,115.87836,0,28.656315,115.88881,0,2,0
"11633",185,1453190200,1453190379,2.98333333333333,15,28.656948,115.888664,28.657253,115.88893,0.186546820102174,3.66666666666667,5.00406338953695,0.0304250042959826,0.00460648148148148,1,1,1,28.65689,115.888963333333,3,28.657253,115.88893,0,3,30
"11634",185,1453190777,1453192750,32.8833333333333,16,28.657154,115.88897,28.734404,115.83916,14.2289288849196,27.6287964004499,19.6607268111295,0.0395115160851386,0.043287037037037,1,1,3,28.6571855,115.889143375,16,28.734404,115.83916,0,2,31
"11635",185,1453196490,1453197090,10,17,28.73459,115.83928,28.736795,115.833534,1.29139506588072,12.028901734104,9.70039756882234,0.0292110133023663,0.0496296296296296,1,3,3,28.73459,115.83928,0,28.736795,115.833534,0,0,10
"11636",185,1453201378,1453205532,69.2333333333333,19,28.735493,115.833565,28.664608,115.94937,22.3292935590978,22.5485119047619,18.1859837984131,0.0410073841591178,0.0782175925925926,1,3,1,28.735493,115.833565,0,28.662657625,115.93427625,8,6,0
"11637",185,1453212290,1453213470,19.6666666666667,22,28.664312,115.95028,28.656574,115.88858,7.95607889051505,29.1428571428571,17.2100026103297,0.0473938432781244,0.4540625,1,1,1,28.664312,115.95028,0,28.656574,115.88858,0,0,11
"11638",185,1453252701,1453253449,12.4666666666667,9,28.656355,115.88848,28.670046,115.89412,2.17566575687116,11.7891036906854,9.04689391515766,0.0542828969465622,0.137951388888889,1,1,6,28.6567064,115.8886558,5,28.670046,115.89412,0,2,27
"11639",185,1453265368,1453266597,20.4833333333333,12,28.670486,115.89412,28.664146,115.95091,7.44933898730446,23.2601851851852,15.7953163469858,0.0486393989801955,0.00351851851851852,1,6,1,28.670486,115.89412,0,28.664146,115.95091,0,0,2
"11640",185,1453266901,1453267305,6.73333333333333,13,28.663832,115.951904,28.64689,115.95307,2.15543491320121,24.6133333333333,21.1425443002298,0.046046729685046,0.221828703703704,1,1,5,28.663832,115.951904,0,28.64689,115.95307,0,0,1
"11641",185,1453286471,1453288919,40.8,19,28.646845,115.95311,28.670166,115.894135,8.04837829016776,16.780269058296,15.0083658783299,0.0416470190940005,0.0484375,1,5,6,28.646845,115.95311,0,28.670166,115.894135,0,2,0
"11642",185,1453293104,1453293792,11.4666666666667,20,28.670082,115.894394,28.65675,115.88918,2.25110961805597,12.127731092437,8.382711529541,0.0370377402356633,0.0278356481481481,1,6,1,28.670082,115.894394,0,28.6581543333333,115.899154333333,6,5,2
"11643",185,1453296197,1453297328,18.85,21,28.657652,115.88959,28.64452,115.958244,7.2722356611828,27.4807056229327,16.8917607418084,0.0639698862148107,0.0609027777777778,1,1,5,28.6571855,115.889143375,16,28.64452,115.958244,0,1,31
"11644",185,1453302590,1453302649,0.983333333333333,23,28.644436,115.95832,28.6416,115.95568,0.460276044252536,26.5333333333333,10.0261804185498,0.045504848750625,0.0372569444444444,1,5,5,28.644436,115.95832,0,28.6416,115.95568,0,1,0
"11645",185,1453305868,1453309752,64.7333333333333,0,28.641489,115.95479,28.62183,115.92855,21.0030520683273,31.7437229437229,18.4731177105633,0.0529042046095201,0.00866898148148148,1,5,7,28.641489,115.95479,0,28.62183,115.92855,0,0,4
"11646",185,1453310501,1453310990,8.15,1,28.621857,115.92868,28.64156,115.9553,4.44596828106215,37.491646778043,26.3797588402214,0.0823910316362793,0.177175925925926,1,7,5,28.621857,115.92868,0,28.64156,115.9553,0,0,3
"11647",185,1453326298,1453326872,9.56666666666667,5,28.641375,115.95513,28.622345,115.92877,4.36167139177941,34.9092970521542,17.4593275332652,0.0605812841077854,0.0167013888888889,1,5,7,28.641375,115.95513,0,28.622345,115.92877,0,0,4
"11648",185,1453328315,1453336729,140.233333333333,7,28.621742,115.928856,28.738691,115.83543,29.2520261050265,25.9427220178665,21.4101276181499,0.0640751066704272,0.10662037037037,1,7,3,28.621742,115.928856,0,28.738691,115.83543,0,0,3
"11649",185,1453345941,1453346060,1.98333333333333,11,28.738659,115.83545,28.738298,115.83366,0.420622273669868,12.6666666666667,11.3835598199188,0.0818941829243695,0.0327430555555556,1,3,3,28.738659,115.83545,0,28.738298,115.83366,0,1,2
"11650",185,1453348889,1453349370,8.01666666666667,12,28.738665,115.83478,28.738173,115.83353,0.606702411176456,10.5279187817259,12.4004395179473,0.0681387111107335,0.050150462962963,1,3,3,28.738665,115.83478,0,28.738173,115.83353,0,1,2
"11651",185,1453353703,1453375614,365.183333333333,14.6666666666667,28.73829,115.83138,28.66337,115.94909,32.7745874053466,0.00149580518485449,14.6516656152912,0.0430455341469535,0.0370949074074074,1,3,1,28.73829,115.83138,0,28.66337,115.94909,0,2,0
"11652",185,1453369645,1453375614,99.4833333333333,18,28.738642,115.83574,28.66337,115.94909,28.8126147431646,25.731007751938,16.7005228726728,0.0471979110296867,0.0370949074074074,1,3,1,28.738642,115.83574,0,28.66337,115.94909,0,2,2
"11653",185,1453378819,1453379229,6.83333333333333,20,28.66372,115.949265,28.64153,115.954765,3.35221657573483,28.8636363636364,20.6859969981308,0.0681345877580041,0.0238310185185185,1,1,5,28.66372,115.949265,0,28.64153,115.954765,0,0,12
"11654",185,1453381288,1453381398,1.83333333333333,21,28.641554,115.955574,28.644613,115.95828,0.495614443678892,18.0625,16.1139445985865,0.0636903956799473,0.0785185185185185,1,5,5,28.641554,115.955574,0,28.644613,115.95828,0,1,4
"11655",185,1453388182,1453389171,16.4833333333333,23,28.641573,115.95504,28.641567,115.95553,6.6631436328267,24.9,13.4197651573477,0.0413235386603261,0.0568518518518518,1,5,5,28.641573,115.95504,0,28.641567,115.95553,0,1,4
"11656",185,1453394083,1453395146,17.7166666666667,0,28.641636,115.95517,28.657038,115.88903,7.73075923812477,27.6910401647786,15.2462032471374,0.0356810184165384,1.53429398148148,1,5,1,28.641636,115.95517,0,28.657038,115.88903,0,3,4
"11657",185,1453527709,1453529658,32.4833333333333,13,28.656544,115.88933,28.632591,115.93703,12.5875765164056,25.739880952381,16.6196158414808,0.046343946911981,0.0106712962962963,1,1,10,28.656643,115.889279,4,28.632591,115.93703,0,0,29
"11658",185,1453530580,1453531389,13.4833333333333,14,28.634289,115.93724,28.663706,115.949326,4.17988149702587,20.4964539007092,14.940328333165,0.0625071400509595,0.0315277777777778,1,10,1,28.634289,115.93724,0,28.663706,115.949326,0,1,0
"11659",185,1453534113,1453541511,123.3,16,28.663172,115.949234,28.674515,115.937126,17.1551008993224,0.00231888360358508,16.1330908964162,0.0622831709128769,0.0345023148148148,1,1,27,28.663172,115.949234,0,28.674515,115.937126,0,1,10
"11660",185,1453540800,1453541511,11.85,17,28.663326,115.94931,28.674515,115.937126,2.57194836214254,16.8618556701031,15.2747390673022,0.0635979873569535,0.0345023148148148,1,15,4,28.663326,115.94931,0,28.674515,115.937126,0,1,12
"11661",185,1453544492,1453545270,12.9666666666667,18,28.6748,115.93719,28.663557,115.94915,2.96609551496931,18.4819047619048,17.465728606453,0.0619565973387363,0.226203703703704,1,4,1,28.6748,115.93719,0,28.663557,115.94915,0,2,0
"11662",185,1453564814,1453565758,15.7333333333333,0,28.676315,115.93583,28.6565,115.888985,6.9461203102746,27.848275862069,19.9044314018007,0.0412767233925775,0.458356481481482,1,4,1,28.676315,115.93583,0,28.6565,115.888985,0,3,0
"11663",185,1453605360,1453607305,32.4166666666667,11,28.657202,115.88948,28.69564,115.86335,7.84334533273589,18.7420311341735,15.4154203027939,0.0585406216346203,0.0717592592592593,1,1,11,28.6571855,115.889143375,16,28.69564,115.86335,0,0,31
"11664",185,1453613505,1453616072,42.7833333333333,13,28.696642,115.861404,28.664595,115.94921,14.5513458669721,23.0427884615385,16.126591435753,0.0491566038090853,0.121597222222222,1,11,1,28.696642,115.861404,0,28.6581543333333,115.899154333333,6,5,0
"11665",185,1453626578,1453627987,23.4833333333333,17,28.664602,115.94909,28.672352,115.9195,4.79245325643119,16.24,12.9670186587078,0.0440055061360865,0.178773148148148,1,1,14,28.664602,115.94909,0,28.672352,115.9195,0,0,12
"11666",185,1453643433,1453645048,26.9166666666667,22,28.672834,115.919334,28.664373,115.94955,5.25555393336165,13.6650602409639,11.6628456883484,0.0442319990753238,0.0713657407407407,1,14,1,28.672834,115.919334,0,28.664373,115.94955,0,0,1
"11667",185,1453651214,1453651528,5.23333333333333,0,28.656824,115.888916,28.656698,115.88945,0.158278135801978,1.73333333333333,2.29600561650985,0.0313489440506542,0.408217592592593,1,13,1,28.65689,115.888963333333,3,28.656698,115.88945,0,1,30
"11668",185,1453686798,1453689902,51.7333333333333,10,28.656456,115.88959,28.664883,115.94933,11.2766320408329,18.9434057604851,13.4044885832527,0.0466867309229149,0.131979166666667,1,1,1,28.656456,115.88959,1,28.664883,115.94933,0,1,28
"11669",185,1453701305,1453702330,17.0833333333333,14,28.664602,115.94939,28.623804,115.93261,6.969742266375,28.9558823529412,17.8838931462678,0.0426714871949169,0.166493055555556,1,1,7,28.664602,115.94939,0,28.623804,115.93261,0,0,12
"11670",185,1453716715,1453718112,23.2833333333333,18,28.622356,115.928764,28.664652,115.94931,5.91905796758906,17.3902012248469,12.0753606456721,0.0424025890871681,0.162453703703704,1,7,1,28.622356,115.928764,0,28.662657625,115.93427625,8,6,3
"11671",185,1453732148,1453733250,18.3666666666667,22,28.664621,115.948,28.657368,115.88943,7.55030197485871,28.6251366120219,16.7923481407717,0.0461210828317607,0.688483796296296,1,1,1,28.664621,115.948,0,28.657368,115.88943,0,1,13
"11672",185,1453792735,1453794335,26.6666666666667,15,28.656986,115.88898,28.661201,115.95602,8.23589832926995,25.6410488245931,16.3740910115808,0.0458902856402154,0.00460648148148148,1,1,1,28.6571855,115.889143375,16,28.661201,115.95602,0,0,31
"11673",185,1453794733,1453795257,8.73333333333333,15,28.661396,115.956,28.67345,115.96446,2.68684237895472,18.1509803921569,11.3600975491298,0.0556728339911366,0.0914583333333333,1,1,20,28.661396,115.956,0,28.67345,115.96446,0,0,0
"11674",185,1453803159,1453829963,446.733333333333,12.3333333333333,28.673473,115.964005,28.656357,115.88972,16.9194197018471,0.000631227417618531,18.3031199390155,0.0442800466372442,0.504166666666667,1,20,1,28.673473,115.964005,0,28.656357,115.88972,0,1,0
"11675",185,1453828777,1453829963,19.7666666666667,1,28.67285,115.919334,28.656357,115.88972,5.74418623163849,22.7485380116959,20.3118237065586,0.0396795933895187,0.504166666666667,1,14,1,28.67285,115.919334,0,28.656357,115.88972,0,1,1
"11676",185,1453873523,1453875657,35.5666666666667,14,28.65757,115.889595,28.686764,115.94001,7.8838408310932,18.3013888888889,13.7856921230737,0.0479919602272123,0.0356712962962963,1,1,21,28.6571855,115.889143375,16,28.686764,115.94001,0,0,31
"11677",185,1453878739,1453879323,9.73333333333333,15,28.686745,115.9398,28.684143,115.95466,3.20317297413218,19.4350877192982,14.126225983507,0.0554341311500887,0.0343171296296296,1,21,22,28.686745,115.9398,0,28.684143,115.95466,0,0,0
"11678",185,1453882288,1453882878,9.83333333333333,16,28.684126,115.95498,28.664616,115.94931,2.99936191062854,19.5065913370998,11.2324266880532,0.0356128285306861,0.0052662037037037,1,22,1,28.684126,115.95498,0,28.662657625,115.93427625,8,6,0
"11679",185,1453883333,1453883538,3.41666666666667,16,28.66458,115.94919,28.667408,115.95163,0.533792190150857,8.97159090909091,8.09474536952229,0.0629253569064198,0.0168402777777778,1,1,1,28.66458,115.94919,0,28.667408,115.95163,0,0,12
"11680",185,1453884993,1453885802,13.4833333333333,17,28.667534,115.95114,28.698004,115.96184,4.36241105263361,19.1986928104575,11.5288051884989,0.0464921105383821,0.115555555555556,1,1,12,28.667534,115.95114,0,28.698004,115.96184,0,0,0
"11681",185,1453895786,1453897225,23.9833333333333,20,28.697939,115.96175,28.734371,115.83932,17.5499581858389,43.2819444444444,19.5710698717428,0.0374600585005172,0.0194097222222222,1,12,3,28.697939,115.96175,0,28.734371,115.83932,0,3,1
"11682",185,1453898902,1453899451,9.15,20,28.734613,115.83929,28.760107,115.85497,4.15339511341376,26.4659300184162,14.4169027300317,0.0409452934356395,0.00524305555555556,1,3,2,28.734613,115.83929,0,28.760107,115.85497,0,2,10
"11683",185,1453899904,1453900113,3.48333333333333,21,28.760168,115.854416,28.75947,115.849945,0.753639795791618,12.1904761904762,7.9050528787717,0.0538581554717856,0.0105671296296296,1,2,2,28.760168,115.854416,0,28.75947,115.849945,0,0,5
"11684",185,1453901026,1453901670,10.7333333333333,21,28.759678,115.84965,28.734404,115.83938,4.12754357930937,22.5612403100775,9.67394135378053,0.0419799935942804,0.0114699074074074,1,2,3,28.759678,115.84965,0,28.734404,115.83938,0,2,4
"11685",185,1453902661,1453903875,20.2333333333333,22,28.734472,115.83852,28.672903,115.794014,10.540485684291,31.574358974359,15.8336635774335,0.0354699320729543,0.0234953703703704,1,3,23,28.734472,115.83852,0,28.672903,115.794014,0,0,11
"11686",185,1453905905,1453907689,29.7333333333333,22,28.67327,115.794785,28.65656,115.889206,10.925147402934,22.4648648648649,19.1118009159671,0.0381379996996387,1.48730324074074,1,23,1,28.67327,115.794785,0,28.65656,115.889206,0,4,0
"11687",185,1454036192,1454038297,35.0833333333333,11,28.657011,115.88898,28.694574,115.863205,8.0008919757042,17.7066756574511,13.2817339259711,0.048504801979707,0.122094907407407,1,1,11,28.6571855,115.889143375,16,28.694574,115.863205,0,0,31
"11688",185,1454048846,1454051040,36.5666666666667,14,28.695698,115.86409,28.656733,115.88917,6.95678016257274,16.7132644956315,15.7387123223824,0.0461000735870978,1.18819444444444,1,11,1,28.695698,115.86409,0,28.662657625,115.93427625,8,6,0
"11689",185,1454153700,1454155333,27.2166666666667,19,28.656944,115.88924,28.697857,115.96144,12.7121189295555,30.0849056603774,13.842464542247,0.0464102580936849,1.27060185185185,1,1,12,28.6571855,115.889143375,16,28.697857,115.96144,0,0,31
"11690",185,1454265113,1454266507,23.2333333333333,2,28.697958,115.96173,28.657171,115.88899,12.7011236930189,35.4452380952381,18.6772091736623,0.0487966678656697,1.47414351851852,1,12,1,28.697958,115.96173,0,28.657171,115.88899,0,4,1
"11691",185,1454393873,1454394967,18.2333333333333,14,28.657082,115.88933,28.686365,115.90116,5.79869001815595,22.128813559322,17.4650042863432,0.0512761026506984,0.0409606481481481,1,1,8,28.6571855,115.889143375,16,28.686365,115.90116,0,0,31
"11692",185,1454398506,1454400905,39.9833333333333,15,28.686499,115.9012,28.656712,115.88919,6.84344228505001,11.715651135006,13.1152108899835,0.0513409121568659,0.725208333333333,1,8,1,28.686499,115.9012,0,28.662657625,115.93427625,8,6,1
"11693",185,1454463563,1454464267,11.7333333333333,9,28.656845,115.8891,28.681696,115.90036,5.25399840436131,27.1288888888889,17.5928139272638,0.0543687153010952,0.0256018518518519,1,1,8,28.6571855,115.889143375,16,28.681696,115.90036,0,0,31
"11694",185,1454466479,1454468032,25.8833333333333,10,28.68176,115.90047,28.65723,115.88932,4.60739286789418,14.2421796165489,13.9116939724775,0.0488930229304933,0,1,8,1,28.68176,115.90047,0,28.65723,115.88932,0,2,0
